Workbook

Sheet Wykonanie
A1: Wykonanie wydatków 2026 wg działów – Urząd Miejski w Opolu (dane fikcyjne)
A5: Dział | B5: Nazwa działu | C5: Plan roczny | D5: I | E5: II | F5: III | G5: IV | H5: V | I5: VI | J5: VII | K5: VIII | L5: IX | M5: X | N5: XI | O5: XII | P5: Razem | Q5: % planu
A6: 600 | B6: Transport i łączność | C6: 24000000 | D6: 1711000 | E6: 1942000 | F6: 1947000 | G6: 2156000 | H6: 1702000 | I6: 1774000 | J6: 2001000 | K6: 1974000 | P6: =SUM(D6:O6) | Q6: =IF(C6=0,"",P6/C6)
A7: 750 | B7: Administracja publiczna | C7: 18500000 | D7: 1626000 | E7: 1518000 | F7: 1602000 | G7: 1619000 | H7: 1612000 | I7: 1535000 | J7: 1375000 | K7: 1548000 | P7: =SUM(D7:O7) | Q7: =IF(C7=0,"",P7/C7)
A8: 801 | B8: Oświata i wychowanie | C8: 62000000 | D8: 4408000 | E8: 5503000 | F8: 4934000 | G8: 5500000 | H8: 5299000 | I8: 5290000 | J8: 4563000 | K8: 4627000 | P8: =SUM(D8:O8) | Q8: =IF(C8=0,"",P8/C8)
A9: 851 | B9: Ochrona zdrowia | C9: 3200000 | D9: 297000 | E9: 293000 | F9: 283000 | G9: 299000 | H9: 260000 | I9: 225000 | J9: 246000 | K9: 263000 | P9: =SUM(D9:O9) | Q9: =IF(C9=0,"",P9/C9)
A10: 852 | B10: Pomoc społeczna | C10: 21000000 | D10: 1588000 | E10: 1675000 | F10: 1895000 | G10: 1805000 | H10: 1738000 | I10: 1448000 | J10: 1808000 | K10: 1626000 | P10: =SUM(D10:O10) | Q10: =IF(C10=0,"",P10/C10)
A11: 900 | B11: Gospodarka komunalna i ochrona środowiska | C11: 15800000 | D11: 1246000 | E11: 1237000 | F11: 1311000 | G11: 1277000 | H11: 1126000 | I11: 1280000 | J11: 1376000 | K11: 1317000 | P11: =SUM(D11:O11) | Q11: =IF(C11=0,"",P11/C11)
A12: 921 | B12: Kultura i ochrona dziedzictwa narodowego | C12: 7400000 | D12: 597000 | E12: 675000 | F12: 554000 | G12: 583000 | H12: 677000 | I12: 594000 | J12: 601000 | K12: 510000 | P12: =SUM(D12:O12) | Q12: =IF(C12=0,"",P12/C12)
A13: 926 | B13: Kultura fizyczna | C13: 5600000 | D13: 414000 | E13: 401000 | F13: 390000 | G13: 481000 | H13: 507000 | I13: 397000 | J13: 470000 | K13: 448000 | P13: =SUM(D13:O13) | Q13: =IF(C13=0,"",P13/C13)
A14: Razem | C14: =SUM(C6:C13) | D14: =SUM(D6:D13) | E14: =SUM(E6:E13) | F14: =SUM(F6:F13) | G14: =SUM(G6:G13) | H14: =SUM(H6:H13) | I14: =SUM(I6:I13) | J14: =SUM(J6:J13) | ... P14: =SUM(P6:P13) | Q14: =IF(C14=0,"",P14/C14)

Sheet Prognoza
A1: Prognoza wykonania rocznego – materiał dla banku (dane fikcyjne)
A2: Liczba miesięcy z danymi: | B2: 8
A5: Dział | B5: Nazwa działu | C5: Plan roczny | D5: Wykonanie narastająco | E5: Średnia miesięczna | F5: Prognoza roczna | G5: Odchylenie od planu
A6: 600 | B6: Transport i łączność | C6: =Wykonanie!C6 | D6: =Wykonanie!P6 | E6: =D6/$B$2 | F6: =E6*12 | G6: =F6-C6
A7: 750 | B7: Administracja publiczna | C7: =Wykonanie!C7 | D7: =Wykonanie!P7 | E7: =D7/$B$2 | F7: =E7*12 | G7: =F7-C7
A8: 801 | B8: Oświata i wychowanie | C8: =Wykonanie!C8 | D8: =Wykonanie!P8 | E8: =D8/$B$2 | F8: =E8*12 | G8: =F8-C8
A9: 851 | B9: Ochrona zdrowia | C9: =Wykonanie!C9 | D9: =Wykonanie!P9 | E9: =D9/$B$2 | F9: =E9*12 | G9: =F9-C9
A10: 852 | B10: Pomoc społeczna | C10: =Wykonanie!C10 | D10: =Wykonanie!P10 | E10: =D10/$B$2 | F10: =E10*12 | G10: =F10-C10
A11: 900 | B11: Gospodarka komunalna i ochrona środowiska | C11: =Wykonanie!C11 | D11: =Wykonanie!P11 | E11: =D11/$B$2 | F11: =E11*12 | G11: =F11-C11
A12: 921 | B12: Kultura i ochrona dziedzictwa narodowego | C12: =Wykonanie!C12 | D12: =Wykonanie!P12 | E12: =D12/$B$2 | F12: =E12*12 | G12: =F12-C12
A13: 926 | B13: Kultura fizyczna | C13: =Wykonanie!C13 | D13: =Wykonanie!P13 | E13: =D13/$B$2 | F13: =E13*12 | G13: =F13-C13
A14: Razem | C14: =SUM(C6:C13) | D14: =SUM(D6:D13) | E14: =SUM(E6:E13) | F14: =SUM(F6:F13) | G14: =SUM(G6:G13)
